Name,identyNum,email,dateJoined
Buston,1,buston1@example.don,20/08/2022
Blessed,2,bless2@example.don,20/08/2022
Kyle,3,kyle3@example.dev,20/08/2022
Hank,4,hank@example.com,20/08/2022
Henrik,5,henrik@example.com,20/08/2022
Bean,6,bean@example.com,20/08/2022
Bright,7,brightx@example.com,20/08/2022
Manubai,8,manu@example.com,20/08/2022
Josey,9,Jose@example.com,20/08/2022
Wisery,10,wise@example.com,20/08/2022
